1053022	/vol/cami/genomes_JGI/1053022.gt1kb.fasta
1035915	/vol/cami/genomes_JGI/1035915.gt1kb.fasta
1049047	/vol/cami/genomes_JGI/1049047.gt1kb.fasta
1030710	/vol/cami/genomes_JGI/1030710.gt1kb.fasta
1048963	/vol/cami/genomes_JGI/1048963.gt1kb.fasta
1048786	/vol/cami/genomes_JGI/1048786.gt1kb.fasta
1053040	/vol/cami/genomes_JGI/1053040.gt1kb.fasta
1035978	/vol/cami/genomes_JGI/1035978.gt1kb.fasta
1036713	/vol/cami/genomes_JGI/1036713.gt1kb.fasta
1052974	/vol/cami/genomes_JGI/1052974.gt1kb.fasta
1036662	/vol/cami/genomes_JGI/1036662.gt1kb.fasta
1036578	/vol/cami/genomes_JGI/1036578.gt1kb.fasta
1049035	/vol/cami/genomes_JGI/1049035.gt1kb.fasta
1049083	/vol/cami/genomes_JGI/1049083.gt1kb.fasta
1036761	/vol/cami/genomes_JGI/1036761.gt1kb.fasta
1048870	/vol/cami/genomes_JGI/1048870.gt1kb.fasta
1030812	/vol/cami/genomes_JGI/1030812.gt1kb.fasta
1035948	/vol/cami/genomes_JGI/1035948.gt1kb.fasta
1036557	/vol/cami/genomes_JGI/1036557.gt1kb.fasta
1049077	/vol/cami/genomes_JGI/1049077.gt1kb.fasta
1052980	/vol/cami/genomes_JGI/1052980.gt1kb.fasta
1030911	/vol/cami/genomes_JGI/1030911.gt1kb.fasta
1036620	/vol/cami/genomes_JGI/1036620.gt1kb.fasta
1036005	/vol/cami/genomes_JGI/1036005.gt1kb.fasta
1035993	/vol/cami/genomes_JGI/1035993.gt1kb.fasta
1048987	/vol/cami/genomes_JGI/1048987.gt1kb.fasta
1048762	/vol/cami/genomes_JGI/1048762.gt1kb.fasta
1030860	/vol/cami/genomes_JGI/1030860.gt1kb.fasta
1036686	/vol/cami/genomes_JGI/1036686.gt1kb.fasta
1049005	/vol/cami/genomes_JGI/1049005.gt1kb.fasta
1036689	/vol/cami/genomes_JGI/1036689.gt1kb.fasta
1036593	/vol/cami/genomes_JGI/1036593.gt1kb.fasta
1030752	/vol/cami/genomes_JGI/1030752.gt1kb.fasta
1036548	/vol/cami/genomes_JGI/1036548.gt1kb.fasta
1052944	/vol/cami/genomes_JGI/1052944.gt1kb.fasta
1049068	/vol/cami/genomes_JGI/1049068.gt1kb.fasta
1036785	/vol/cami/genomes_JGI/1036785.gt1kb.fasta
1048894	/vol/cami/genomes_JGI/1048894.gt1kb.fasta
1030830	/vol/cami/genomes_JGI/1030830.gt1kb.fasta
1053052	/vol/cami/genomes_JGI/1053052.gt1kb.fasta
1036701	/vol/cami/genomes_JGI/1036701.gt1kb.fasta
1036575	/vol/cami/genomes_JGI/1036575.gt1kb.fasta
1049038	/vol/cami/genomes_JGI/1049038.gt1kb.fasta
1048582	/vol/cami/genomes_JGI/1048582.gt1kb.fasta
1036602	/vol/cami/genomes_JGI/1036602.gt1kb.fasta
1030770	/vol/cami/genomes_JGI/1030770.gt1kb.fasta
1048903	/vol/cami/genomes_JGI/1048903.gt1kb.fasta
1036773	/vol/cami/genomes_JGI/1036773.gt1kb.fasta
1030896	/vol/cami/genomes_JGI/1030896.gt1kb.fasta
1035975	/vol/cami/genomes_JGI/1035975.gt1kb.fasta
1052992	/vol/cami/genomes_JGI/1052992.gt1kb.fasta
1036632	/vol/cami/genomes_JGI/1036632.gt1kb.fasta
1049008	/vol/cami/genomes_JGI/1049008.gt1kb.fasta
1035981	/vol/cami/genomes_JGI/1035981.gt1kb.fasta
1030800	/vol/cami/genomes_JGI/1030800.gt1kb.fasta
1036650	/vol/cami/genomes_JGI/1036650.gt1kb.fasta
1036545	/vol/cami/genomes_JGI/1036545.gt1kb.fasta
1036731	/vol/cami/genomes_JGI/1036731.gt1kb.fasta
1036803	/vol/cami/genomes_JGI/1036803.gt1kb.fasta
1049065	/vol/cami/genomes_JGI/1049065.gt1kb.fasta
1049211	/vol/cami/genomes_JGI/1049211.gt1kb.fasta
1030794	/vol/cami/genomes_JGI/1030794.gt1kb.fasta
1035945	/vol/cami/genomes_JGI/1035945.gt1kb.fasta
1048951	/vol/cami/genomes_JGI/1048951.gt1kb.fasta
1036797	/vol/cami/genomes_JGI/1036797.gt1kb.fasta
1052956	/vol/cami/genomes_JGI/1052956.gt1kb.fasta
1030722	/vol/cami/genomes_JGI/1030722.gt1kb.fasta
1052959	/vol/cami/genomes_JGI/1052959.gt1kb.fasta
1048576	/vol/cami/genomes_JGI/1048576.gt1kb.fasta
1030872	/vol/cami/genomes_JGI/1030872.gt1kb.fasta
1048933	/vol/cami/genomes_JGI/1048933.gt1kb.fasta
1036743	/vol/cami/genomes_JGI/1036743.gt1kb.fasta
1053010	/vol/cami/genomes_JGI/1053010.gt1kb.fasta
1036008	/vol/cami/genomes_JGI/1036008.gt1kb.fasta
1049017	/vol/cami/genomes_JGI/1049017.gt1kb.fasta
1036581	/vol/cami/genomes_JGI/1036581.gt1kb.fasta
1030740	/vol/cami/genomes_JGI/1030740.gt1kb.fasta
1052950	/vol/cami/genomes_JGI/1052950.gt1kb.fasta
1048957	/vol/cami/genomes_JGI/1048957.gt1kb.fasta
1036728	/vol/cami/genomes_JGI/1036728.gt1kb.fasta
1030749	/vol/cami/genomes_JGI/1030749.gt1kb.fasta
1049011	/vol/cami/genomes_JGI/1049011.gt1kb.fasta
1036692	/vol/cami/genomes_JGI/1036692.gt1kb.fasta
1030746	/vol/cami/genomes_JGI/1030746.gt1kb.fasta
1036587	/vol/cami/genomes_JGI/1036587.gt1kb.fasta
1053019	/vol/cami/genomes_JGI/1053019.gt1kb.fasta
1035921	/vol/cami/genomes_JGI/1035921.gt1kb.fasta
1053016	/vol/cami/genomes_JGI/1053016.gt1kb.fasta
1036011	/vol/cami/genomes_JGI/1036011.gt1kb.fasta
1035987	/vol/cami/genomes_JGI/1035987.gt1kb.fasta
1048993	/vol/cami/genomes_JGI/1048993.gt1kb.fasta
1036755	/vol/cami/genomes_JGI/1036755.gt1kb.fasta
1030905	/vol/cami/genomes_JGI/1030905.gt1kb.fasta
1030734	/vol/cami/genomes_JGI/1030734.gt1kb.fasta
1030806	/vol/cami/genomes_JGI/1030806.gt1kb.fasta
1030968	/vol/cami/genomes_JGI/1030968.gt1kb.fasta
1036656	/vol/cami/genomes_JGI/1036656.gt1kb.fasta
1030809	/vol/cami/genomes_JGI/1030809.gt1kb.fasta
1036659	/vol/cami/genomes_JGI/1036659.gt1kb.fasta
1036737	/vol/cami/genomes_JGI/1036737.gt1kb.fasta
1048948	/vol/cami/genomes_JGI/1048948.gt1kb.fasta
1030782	/vol/cami/genomes_JGI/1030782.gt1kb.fasta
1036614	/vol/cami/genomes_JGI/1036614.gt1kb.fasta
1048864	/vol/cami/genomes_JGI/1048864.gt1kb.fasta
1030776	/vol/cami/genomes_JGI/1030776.gt1kb.fasta
1030947	/vol/cami/genomes_JGI/1030947.gt1kb.fasta
1036563	/vol/cami/genomes_JGI/1036563.gt1kb.fasta
1030890	/vol/cami/genomes_JGI/1030890.gt1kb.fasta
1030836	/vol/cami/genomes_JGI/1030836.gt1kb.fasta
1035963	/vol/cami/genomes_JGI/1035963.gt1kb.fasta
1036707	/vol/cami/genomes_JGI/1036707.gt1kb.fasta
1030839	/vol/cami/genomes_JGI/1030839.gt1kb.fasta
1048978	/vol/cami/genomes_JGI/1048978.gt1kb.fasta
1049053	/vol/cami/genomes_JGI/1049053.gt1kb.fasta
1030704	/vol/cami/genomes_JGI/1030704.gt1kb.fasta
1030935	/vol/cami/genomes_JGI/1030935.gt1kb.fasta
1048915	/vol/cami/genomes_JGI/1048915.gt1kb.fasta
1036680	/vol/cami/genomes_JGI/1036680.gt1kb.fasta
1048774	/vol/cami/genomes_JGI/1048774.gt1kb.fasta
1048927	/vol/cami/genomes_JGI/1048927.gt1kb.fasta
1035933	/vol/cami/genomes_JGI/1035933.gt1kb.fasta
1036758	/vol/cami/genomes_JGI/1036758.gt1kb.fasta
1053004	/vol/cami/genomes_JGI/1053004.gt1kb.fasta
1030869	/vol/cami/genomes_JGI/1030869.gt1kb.fasta
1030965	/vol/cami/genomes_JGI/1030965.gt1kb.fasta
1035951	/vol/cami/genomes_JGI/1035951.gt1kb.fasta
1048945	/vol/cami/genomes_JGI/1048945.gt1kb.fasta
1049071	/vol/cami/genomes_JGI/1049071.gt1kb.fasta
1048882	/vol/cami/genomes_JGI/1048882.gt1kb.fasta
1036644	/vol/cami/genomes_JGI/1036644.gt1kb.fasta
1036551	/vol/cami/genomes_JGI/1036551.gt1kb.fasta
1036725	/vol/cami/genomes_JGI/1036725.gt1kb.fasta
1048981	/vol/cami/genomes_JGI/1048981.gt1kb.fasta
1030917	/vol/cami/genomes_JGI/1030917.gt1kb.fasta
1052986	/vol/cami/genomes_JGI/1052986.gt1kb.fasta
1036629	/vol/cami/genomes_JGI/1036629.gt1kb.fasta
1052989	/vol/cami/genomes_JGI/1052989.gt1kb.fasta
1048975	/vol/cami/genomes_JGI/1048975.gt1kb.fasta
1048879	/vol/cami/genomes_JGI/1048879.gt1kb.fasta
1035903	/vol/cami/genomes_JGI/1035903.gt1kb.fasta
1053034	/vol/cami/genomes_JGI/1053034.gt1kb.fasta
1048876	/vol/cami/genomes_JGI/1048876.gt1kb.fasta
1048918	/vol/cami/genomes_JGI/1048918.gt1kb.fasta
1036767	/vol/cami/genomes_JGI/1036767.gt1kb.fasta
1030764	/vol/cami/genomes_JGI/1030764.gt1kb.fasta
1049023	/vol/cami/genomes_JGI/1049023.gt1kb.fasta
1048780	/vol/cami/genomes_JGI/1048780.gt1kb.fasta
1030824	/vol/cami/genomes_JGI/1030824.gt1kb.fasta
1036674	/vol/cami/genomes_JGI/1036674.gt1kb.fasta
1053049	/vol/cami/genomes_JGI/1053049.gt1kb.fasta
1053046	/vol/cami/genomes_JGI/1053046.gt1kb.fasta
1049041	/vol/cami/genomes_JGI/1049041.gt1kb.fasta
1030719	/vol/cami/genomes_JGI/1030719.gt1kb.fasta
1048657	/vol/cami/genomes_JGI/1048657.gt1kb.fasta
1052962	/vol/cami/genomes_JGI/1052962.gt1kb.fasta
1030716	/vol/cami/genomes_JGI/1030716.gt1kb.fasta
1035900	/vol/cami/genomes_JGI/1035900.gt1kb.fasta
1049086	/vol/cami/genomes_JGI/1049086.gt1kb.fasta
1036605	/vol/cami/genomes_JGI/1036605.gt1kb.fasta
1053037	/vol/cami/genomes_JGI/1053037.gt1kb.fasta
1036764	/vol/cami/genomes_JGI/1036764.gt1kb.fasta
1049089	/vol/cami/genomes_JGI/1049089.gt1kb.fasta
1030767	/vol/cami/genomes_JGI/1030767.gt1kb.fasta
1053055	/vol/cami/genomes_JGI/1053055.gt1kb.fasta
1036572	/vol/cami/genomes_JGI/1036572.gt1kb.fasta
1036668	/vol/cami/genomes_JGI/1036668.gt1kb.fasta
1010920	/vol/cami/genomes_JGI/1010920.gt1kb.fasta
1030956	/vol/cami/genomes_JGI/1030956.gt1kb.fasta
1030881	/vol/cami/genomes_JGI/1030881.gt1kb.fasta
1048783	/vol/cami/genomes_JGI/1048783.gt1kb.fasta
1030827	/vol/cami/genomes_JGI/1030827.gt1kb.fasta
1036677	/vol/cami/genomes_JGI/1036677.gt1kb.fasta
1036719	/vol/cami/genomes_JGI/1036719.gt1kb.fasta
1048966	/vol/cami/genomes_JGI/1048966.gt1kb.fasta
1035972	/vol/cami/genomes_JGI/1035972.gt1kb.fasta
1036716	/vol/cami/genomes_JGI/1036716.gt1kb.fasta
1048969	/vol/cami/genomes_JGI/1048969.gt1kb.fasta
1030845	/vol/cami/genomes_JGI/1030845.gt1kb.fasta
1053028	/vol/cami/genomes_JGI/1053028.gt1kb.fasta
1048891	/vol/cami/genomes_JGI/1048891.gt1kb.fasta
1052941	/vol/cami/genomes_JGI/1052941.gt1kb.fasta
1049062	/vol/cami/genomes_JGI/1049062.gt1kb.fasta
1036542	/vol/cami/genomes_JGI/1036542.gt1kb.fasta
1030758	/vol/cami/genomes_JGI/1030758.gt1kb.fasta
1036599	/vol/cami/genomes_JGI/1036599.gt1kb.fasta
1036683	/vol/cami/genomes_JGI/1036683.gt1kb.fasta
1048777	/vol/cami/genomes_JGI/1048777.gt1kb.fasta
1036596	/vol/cami/genomes_JGI/1036596.gt1kb.fasta
1048924	/vol/cami/genomes_JGI/1048924.gt1kb.fasta
1035930	/vol/cami/genomes_JGI/1035930.gt1kb.fasta
1036635	/vol/cami/genomes_JGI/1036635.gt1kb.fasta
1053007	/vol/cami/genomes_JGI/1053007.gt1kb.fasta
1052995	/vol/cami/genomes_JGI/1052995.gt1kb.fasta
1048768	/vol/cami/genomes_JGI/1048768.gt1kb.fasta
1035999	/vol/cami/genomes_JGI/1035999.gt1kb.fasta
1035996	/vol/cami/genomes_JGI/1035996.gt1kb.fasta
1048855	/vol/cami/genomes_JGI/1048855.gt1kb.fasta
1030875	/vol/cami/genomes_JGI/1030875.gt1kb.fasta
1030725	/vol/cami/genomes_JGI/1030725.gt1kb.fasta
1036647	/vol/cami/genomes_JGI/1036647.gt1kb.fasta
1030818	/vol/cami/genomes_JGI/1030818.gt1kb.fasta
1036560	/vol/cami/genomes_JGI/1036560.gt1kb.fasta
1030893	/vol/cami/genomes_JGI/1030893.gt1kb.fasta
1035912	/vol/cami/genomes_JGI/1035912.gt1kb.fasta
1048906	/vol/cami/genomes_JGI/1048906.gt1kb.fasta
1036779	/vol/cami/genomes_JGI/1036779.gt1kb.fasta
1036617	/vol/cami/genomes_JGI/1036617.gt1kb.fasta
1030929	/vol/cami/genomes_JGI/1030929.gt1kb.fasta
1048909	/vol/cami/genomes_JGI/1048909.gt1kb.fasta
1048867	/vol/cami/genomes_JGI/1048867.gt1kb.fasta
1053025	/vol/cami/genomes_JGI/1053025.gt1kb.fasta
1036776	/vol/cami/genomes_JGI/1036776.gt1kb.fasta
1036608	/vol/cami/genomes_JGI/1036608.gt1kb.fasta
1030857	/vol/cami/genomes_JGI/1030857.gt1kb.fasta
1049032	/vol/cami/genomes_JGI/1049032.gt1kb.fasta
1036665	/vol/cami/genomes_JGI/1036665.gt1kb.fasta
1035960	/vol/cami/genomes_JGI/1035960.gt1kb.fasta
1053058	/vol/cami/genomes_JGI/1053058.gt1kb.fasta
1036704	/vol/cami/genomes_JGI/1036704.gt1kb.fasta
1030707	/vol/cami/genomes_JGI/1030707.gt1kb.fasta
1048765	/vol/cami/genomes_JGI/1048765.gt1kb.fasta
1036002	/vol/cami/genomes_JGI/1036002.gt1kb.fasta
1036584	/vol/cami/genomes_JGI/1036584.gt1kb.fasta
1048936	/vol/cami/genomes_JGI/1048936.gt1kb.fasta
1036749	/vol/cami/genomes_JGI/1036749.gt1kb.fasta
1048939	/vol/cami/genomes_JGI/1048939.gt1kb.fasta
1030878	/vol/cami/genomes_JGI/1030878.gt1kb.fasta
1036746	/vol/cami/genomes_JGI/1036746.gt1kb.fasta
1035897	/vol/cami/genomes_JGI/1035897.gt1kb.fasta
1052953	/vol/cami/genomes_JGI/1052953.gt1kb.fasta
1030728	/vol/cami/genomes_JGI/1030728.gt1kb.fasta
1030791	/vol/cami/genomes_JGI/1030791.gt1kb.fasta
1048954	/vol/cami/genomes_JGI/1048954.gt1kb.fasta
1030815	/vol/cami/genomes_JGI/1030815.gt1kb.fasta
1036806	/vol/cami/genomes_JGI/1036806.gt1kb.fasta
1036782	/vol/cami/genomes_JGI/1036782.gt1kb.fasta
1030737	/vol/cami/genomes_JGI/1030737.gt1kb.fasta
1036734	/vol/cami/genomes_JGI/1036734.gt1kb.fasta
1030755	/vol/cami/genomes_JGI/1030755.gt1kb.fasta
1049002	/vol/cami/genomes_JGI/1049002.gt1kb.fasta
1035984	/vol/cami/genomes_JGI/1035984.gt1kb.fasta
1048990	/vol/cami/genomes_JGI/1048990.gt1kb.fasta
1036638	/vol/cami/genomes_JGI/1036638.gt1kb.fasta
1052998	/vol/cami/genomes_JGI/1052998.gt1kb.fasta
1048942	/vol/cami/genomes_JGI/1048942.gt1kb.fasta
1030788	/vol/cami/genomes_JGI/1030788.gt1kb.fasta
1030803	/vol/cami/genomes_JGI/1030803.gt1kb.fasta
1036653	/vol/cami/genomes_JGI/1036653.gt1kb.fasta
1036800	/vol/cami/genomes_JGI/1036800.gt1kb.fasta
1030731	/vol/cami/genomes_JGI/1030731.gt1kb.fasta
1048999	/vol/cami/genomes_JGI/1048999.gt1kb.fasta
1048930	/vol/cami/genomes_JGI/1048930.gt1kb.fasta
1035924	/vol/cami/genomes_JGI/1035924.gt1kb.fasta
1053013	/vol/cami/genomes_JGI/1053013.gt1kb.fasta
1049014	/vol/cami/genomes_JGI/1049014.gt1kb.fasta
1036698	/vol/cami/genomes_JGI/1036698.gt1kb.fasta
1030743	/vol/cami/genomes_JGI/1030743.gt1kb.fasta
1036722	/vol/cami/genomes_JGI/1036722.gt1kb.fasta
1030797	/vol/cami/genomes_JGI/1030797.gt1kb.fasta
1036794	/vol/cami/genomes_JGI/1036794.gt1kb.fasta
1048885	/vol/cami/genomes_JGI/1048885.gt1kb.fasta
1049056	/vol/cami/genomes_JGI/1049056.gt1kb.fasta
1049059	/vol/cami/genomes_JGI/1049059.gt1kb.fasta
1048972	/vol/cami/genomes_JGI/1048972.gt1kb.fasta
1030833	/vol/cami/genomes_JGI/1030833.gt1kb.fasta
1035969	/vol/cami/genomes_JGI/1035969.gt1kb.fasta
1052965	/vol/cami/genomes_JGI/1052965.gt1kb.fasta
1036566	/vol/cami/genomes_JGI/1036566.gt1kb.fasta
1036569	/vol/cami/genomes_JGI/1036569.gt1kb.fasta
1030773	/vol/cami/genomes_JGI/1030773.gt1kb.fasta
1036611	/vol/cami/genomes_JGI/1036611.gt1kb.fasta
1048900	/vol/cami/genomes_JGI/1048900.gt1kb.fasta
1036770	/vol/cami/genomes_JGI/1036770.gt1kb.fasta
1048861	/vol/cami/genomes_JGI/1048861.gt1kb.fasta
1052983	/vol/cami/genomes_JGI/1052983.gt1kb.fasta
1036623	/vol/cami/genomes_JGI/1036623.gt1kb.fasta
1036539	/vol/cami/genomes_JGI/1036539.gt1kb.fasta
1035990	/vol/cami/genomes_JGI/1035990.gt1kb.fasta
1048984	/vol/cami/genomes_JGI/1048984.gt1kb.fasta
1036695	/vol/cami/genomes_JGI/1036695.gt1kb.fasta
1036641	/vol/cami/genomes_JGI/1036641.gt1kb.fasta
1036554	/vol/cami/genomes_JGI/1036554.gt1kb.fasta
1048888	/vol/cami/genomes_JGI/1048888.gt1kb.fasta
1049074	/vol/cami/genomes_JGI/1049074.gt1kb.fasta
1030785	/vol/cami/genomes_JGI/1030785.gt1kb.fasta
1035954	/vol/cami/genomes_JGI/1035954.gt1kb.fasta
1052947	/vol/cami/genomes_JGI/1052947.gt1kb.fasta
1035936	/vol/cami/genomes_JGI/1035936.gt1kb.fasta
1036752	/vol/cami/genomes_JGI/1036752.gt1kb.fasta
1035939	/vol/cami/genomes_JGI/1035939.gt1kb.fasta
1048771	/vol/cami/genomes_JGI/1048771.gt1kb.fasta
1036590	/vol/cami/genomes_JGI/1036590.gt1kb.fasta
1052968	/vol/cami/genomes_JGI/1052968.gt1kb.fasta
1049044	/vol/cami/genomes_JGI/1049044.gt1kb.fasta
1030713	/vol/cami/genomes_JGI/1030713.gt1kb.fasta
1048960	/vol/cami/genomes_JGI/1048960.gt1kb.fasta
1030821	/vol/cami/genomes_JGI/1030821.gt1kb.fasta
1036671	/vol/cami/genomes_JGI/1036671.gt1kb.fasta
1053043	/vol/cami/genomes_JGI/1053043.gt1kb.fasta
1036710	/vol/cami/genomes_JGI/1036710.gt1kb.fasta
1049029	/vol/cami/genomes_JGI/1049029.gt1kb.fasta
1049026	/vol/cami/genomes_JGI/1049026.gt1kb.fasta
1030761	/vol/cami/genomes_JGI/1030761.gt1kb.fasta
1049080	/vol/cami/genomes_JGI/1049080.gt1kb.fasta
1035906	/vol/cami/genomes_JGI/1035906.gt1kb.fasta
1048912	/vol/cami/genomes_JGI/1048912.gt1kb.fasta
1053031	/vol/cami/genomes_JGI/1053031.gt1kb.fasta
1048873	/vol/cami/genomes_JGI/1048873.gt1kb.fasta
1035909	/vol/cami/genomes_JGI/1035909.gt1kb.fasta
1052977	/vol/cami/genomes_JGI/1052977.gt1kb.fasta
1286_BZ	/vol/cami/genomes/A5_Assemblies_gt1kb/1286_BZ_run191.final.scaffolds.gt1kb.fasta
1220_V	/vol/cami/genomes/A5_Assemblies_gt1kb/1220_V_run172_run176.final.scaffolds.gt1kb.fasta
1287_AE	/vol/cami/genomes/A5_Assemblies_gt1kb/1287_AE_run192_run197.final.scaffolds.gt1kb.fasta
1286_CH	/vol/cami/genomes/A5_Assemblies_gt1kb/1286_CH_run191.final.scaffolds.gt1kb.fasta
1286_C	/vol/cami/genomes/A5_Assemblies_gt1kb/1286_C_run191_run197.final.scaffolds.gt1kb.fasta
1285_AT	/vol/cami/genomes/A5_Assemblies_gt1kb/1285_AT_run189_run193.final.scaffolds.gt1kb.fasta
1139_AO	/vol/cami/genomes/A5_Assemblies_gt1kb/1139_AO_run158_run162.final.scaffolds.gt1kb.fasta
1139_BW	/vol/cami/genomes/A5_Assemblies_gt1kb/1139_BW_run158_run162.final.scaffolds.gt1kb.fasta
1021_AS	/vol/cami/genomes/A5_Assemblies_gt1kb/1021_AS_run134_run137WDH_run147.final.scaffolds.gt1kb.fasta
1139_Q	/vol/cami/genomes/A5_Assemblies_gt1kb/1139_Q_run158_run162.final.scaffolds.gt1kb.fasta
1220_Z	/vol/cami/genomes/A5_Assemblies_gt1kb/1220_Z_run172_run176_run188.final.scaffolds.gt1kb.fasta
1285_CH	/vol/cami/genomes/A5_Assemblies_gt1kb/1285_CH_run189.final.scaffolds.gt1kb.fasta
1285_CP	/vol/cami/genomes/A5_Assemblies_gt1kb/1285_CP_run189.final.scaffolds.gt1kb.fasta
1285_BB	/vol/cami/genomes/A5_Assemblies_gt1kb/1285_BB_run189.final.scaffolds.gt1kb.fasta
1285_BZ	/vol/cami/genomes/A5_Assemblies_gt1kb/1285_BZ_run189.final.scaffolds.gt1kb.fasta
1139_BH	/vol/cami/genomes/A5_Assemblies_gt1kb/1139_BH_run158_run162.final.scaffolds.gt1kb.fasta
1139_AC	/vol/cami/genomes/A5_Assemblies_gt1kb/1139_AC_run158.final.scaffolds.gt1kb.fasta
1139_AP	/vol/cami/genomes/A5_Assemblies_gt1kb/1139_AP_run158_run162.final.scaffolds.gt1kb.fasta
1286_AB	/vol/cami/genomes/A5_Assemblies_gt1kb/1286_AB_run191_run197.final.scaffolds.gt1kb.fasta
1220_AP	/vol/cami/genomes/A5_Assemblies_gt1kb/1220_AP_run172_run176_run188.final.scaffolds.gt1kb.fasta
1021_G	/vol/cami/genomes/A5_Assemblies_gt1kb/1021_G_run134.final.scaffolds.gt1kb.fasta
1285_BS	/vol/cami/genomes/A5_Assemblies_gt1kb/1285_BS_run189_run193.final.scaffolds.gt1kb.fasta
1285_AK	/vol/cami/genomes/A5_Assemblies_gt1kb/1285_AK_run189_run193.final.scaffolds.gt1kb.fasta
1220_AO	/vol/cami/genomes/A5_Assemblies_gt1kb/1220_AO_run172_run176.final.scaffolds.gt1kb.fasta
1285_BF	/vol/cami/genomes/A5_Assemblies_gt1kb/1285_BF_run189_run193_run202_run206.final.scaffolds.gt1kb.fasta
1220_BW	/vol/cami/genomes/A5_Assemblies_gt1kb/1220_BW_run172_run176.final.scaffolds.gt1kb.fasta
1139_CO	/vol/cami/genomes/A5_Assemblies_gt1kb/1139_CO_run158.final.scaffolds.gt1kb.fasta
1285_AH	/vol/cami/genomes/A5_Assemblies_gt1kb/1285_AH_run188.final.scaffolds.gt1kb.fasta
1287_BB	/vol/cami/genomes/A5_Assemblies_gt1kb/1287_BB_run192_run197.final.scaffolds.gt1kb.fasta
1285_B	/vol/cami/genomes/A5_Assemblies_gt1kb/1285_B_run188_run192.final.scaffolds.gt1kb.fasta
1287_AM	/vol/cami/genomes/A5_Assemblies_gt1kb/1287_AM_run192_run197.final.scaffolds.gt1kb.fasta
1220_BO	/vol/cami/genomes/A5_Assemblies_gt1kb/1220_BO_run172_run176_run188_run192_run197.final.scaffolds.gt1kb.fasta
1286_BE	/vol/cami/genomes/A5_Assemblies_gt1kb/1286_BE_run191.final.scaffolds.gt1kb.fasta
1365_I	/vol/cami/genomes/A5_Assemblies_gt1kb/1365_I_run201.final.scaffolds.gt1kb.fasta
1220_CH	/vol/cami/genomes/A5_Assemblies_gt1kb/1220_CH_run172_run176.final.scaffolds.gt1kb.fasta
1139_AG	/vol/cami/genomes/A5_Assemblies_gt1kb/1139_AG_run158_run162.final.scaffolds.gt1kb.fasta
1286_AU	/vol/cami/genomes/A5_Assemblies_gt1kb/1286_AU_run191_run197.final.scaffolds.gt1kb.fasta
1287_Q	/vol/cami/genomes/A5_Assemblies_gt1kb/1287_Q_run192.final.scaffolds.gt1kb.fasta
1139_Y	/vol/cami/genomes/A5_Assemblies_gt1kb/1139_Y_run158_run162.final.scaffolds.gt1kb.fasta
1220_CD	/vol/cami/genomes/A5_Assemblies_gt1kb/1220_CD_run172_run176_run188.final.scaffolds.gt1kb.fasta
1139_U	/vol/cami/genomes/A5_Assemblies_gt1kb/1139_U_run158.final.scaffolds.gt1kb.fasta
1220_BH	/vol/cami/genomes/A5_Assemblies_gt1kb/1220_BH_run172_run176_run188.final.scaffolds.gt1kb.fasta
1287_BN	/vol/cami/genomes/A5_Assemblies_gt1kb/1287_BN_run192.final.scaffolds.gt1kb.fasta
1287_BV	/vol/cami/genomes/A5_Assemblies_gt1kb/1287_BV_run192.final.scaffolds.gt1kb.fasta
1285_C	/vol/cami/genomes/A5_Assemblies_gt1kb/1285_C_run188.final.scaffolds.gt1kb.fasta
1139_F	/vol/cami/genomes/A5_Assemblies_gt1kb/1139_F_run158_run162.final.scaffolds.gt1kb.fasta
1285_CO	/vol/cami/genomes/A5_Assemblies_gt1kb/1285_CO_run189.final.scaffolds.gt1kb.fasta
1286_BR	/vol/cami/genomes/A5_Assemblies_gt1kb/1286_BR_run191_run197.final.scaffolds.gt1kb.fasta
1286_AJ	/vol/cami/genomes/A5_Assemblies_gt1kb/1286_AJ_run191_run197.final.scaffolds.gt1kb.fasta
1139_AX	/vol/cami/genomes/A5_Assemblies_gt1kb/1139_AX_run158_run162.final.scaffolds.gt1kb.fasta
1021_AR	/vol/cami/genomes/A5_Assemblies_gt1kb/1021_AR_run134_run137WDH_run147.final.scaffolds.gt1kb.fasta
1220_AX	/vol/cami/genomes/A5_Assemblies_gt1kb/1220_AX_run172_run176_run188.final.scaffolds.gt1kb.fasta
1021_AI	/vol/cami/genomes/A5_Assemblies_gt1kb/1021_AI_run134.final.scaffolds.gt1kb.fasta
1286_T	/vol/cami/genomes/A5_Assemblies_gt1kb/1286_T_run191_run197.final.scaffolds.gt1kb.fasta
1220_A	/vol/cami/genomes/A5_Assemblies_gt1kb/1220_A_run172_run176.final.scaffolds.gt1kb.fasta
1286_K	/vol/cami/genomes/A5_Assemblies_gt1kb/1286_K_run191_run197_run206.final.scaffolds.gt1kb.fasta
1286_S	/vol/cami/genomes/A5_Assemblies_gt1kb/1286_S_run191_run197.final.scaffolds.gt1kb.fasta
1220_N	/vol/cami/genomes/A5_Assemblies_gt1kb/1220_N_run172_run176_run188.final.scaffolds.gt1kb.fasta
1139_A	/vol/cami/genomes/A5_Assemblies_gt1kb/1139_A_run158_run162.final.scaffolds.gt1kb.fasta
1285_J	/vol/cami/genomes/A5_Assemblies_gt1kb/1285_J_run188.final.scaffolds.gt1kb.fasta
1286_BU	/vol/cami/genomes/A5_Assemblies_gt1kb/1286_BU_run191_run197.final.scaffolds.gt1kb.fasta
1139_BG	/vol/cami/genomes/A5_Assemblies_gt1kb/1139_BG_run158_run162.final.scaffolds.gt1kb.fasta
1021_AP	/vol/cami/genomes/A5_Assemblies_gt1kb/1021_AP_run134_run137WDH_run147.final.scaffolds.gt1kb.fasta
1139_CP	/vol/cami/genomes/A5_Assemblies_gt1kb/1139_CP_run158_run162.final.scaffolds.gt1kb.fasta
1286_BJ	/vol/cami/genomes/A5_Assemblies_gt1kb/1286_BJ_run191_run197.final.scaffolds.gt1kb.fasta
1286_CB	/vol/cami/genomes/A5_Assemblies_gt1kb/1286_CB_run191_run197.final.scaffolds.gt1kb.fasta
1286_AR	/vol/cami/genomes/A5_Assemblies_gt1kb/1286_AR_run191_run197.final.scaffolds.gt1kb.fasta
1285_BL	/vol/cami/genomes/A5_Assemblies_gt1kb/1285_BL_run189.final.scaffolds.gt1kb.fasta
1285_BT	/vol/cami/genomes/A5_Assemblies_gt1kb/1285_BT_run189.final.scaffolds.gt1kb.fasta
1285_CF	/vol/cami/genomes/A5_Assemblies_gt1kb/1285_CF_run189.final.scaffolds.gt1kb.fasta
1287_AJ	/vol/cami/genomes/A5_Assemblies_gt1kb/1287_AJ_run192_run197.final.scaffolds.gt1kb.fasta
1220_Y	/vol/cami/genomes/A5_Assemblies_gt1kb/1220_Y_run172_run176.final.scaffolds.gt1kb.fasta
1286_B	/vol/cami/genomes/A5_Assemblies_gt1kb/1286_B_run191.final.scaffolds.gt1kb.fasta
1285_AF	/vol/cami/genomes/A5_Assemblies_gt1kb/1285_AF_run188.final.scaffolds.gt1kb.fasta
1285_R	/vol/cami/genomes/A5_Assemblies_gt1kb/1285_R_run188_run192.final.scaffolds.gt1kb.fasta
1287_D	/vol/cami/genomes/A5_Assemblies_gt1kb/1287_D_run192_run197.final.scaffolds.gt1kb.fasta
1139_O	/vol/cami/genomes/A5_Assemblies_gt1kb/1139_O_run158_run162_run167.final.scaffolds.gt1kb.fasta
1286_L	/vol/cami/genomes/A5_Assemblies_gt1kb/1286_L_run191_run197.final.scaffolds.gt1kb.fasta
1021_I	/vol/cami/genomes/A5_Assemblies_gt1kb/1021_I_run134.final.scaffolds.gt1kb.fasta
1021_Q	/vol/cami/genomes/A5_Assemblies_gt1kb/1021_Q_run134.final.scaffolds.gt1kb.fasta
1285_AR	/vol/cami/genomes/A5_Assemblies_gt1kb/1285_AR_run189.final.scaffolds.gt1kb.fasta
1286_CA	/vol/cami/genomes/A5_Assemblies_gt1kb/1286_CA_run191.final.scaffolds.gt1kb.fasta
1285_AL	/vol/cami/genomes/A5_Assemblies_gt1kb/1285_AL_run189_run193.final.scaffolds.gt1kb.fasta
1220_BP	/vol/cami/genomes/A5_Assemblies_gt1kb/1220_BP_run172_run176.final.scaffolds.gt1kb.fasta
1021_AQ	/vol/cami/genomes/A5_Assemblies_gt1kb/1021_AQ_run134_run137WDH_run147.final.scaffolds.gt1kb.fasta
1365_G	/vol/cami/genomes/A5_Assemblies_gt1kb/1365_G_run201.final.scaffolds.gt1kb.fasta
1286_BK	/vol/cami/genomes/A5_Assemblies_gt1kb/1286_BK_run191.final.scaffolds.gt1kb.fasta
1220_AH	/vol/cami/genomes/A5_Assemblies_gt1kb/1220_AH_run172_run176_run188.final.scaffolds.gt1kb.fasta
1286_AM	/vol/cami/genomes/A5_Assemblies_gt1kb/1286_AM_run191.final.scaffolds.gt1kb.fasta
1139_I	/vol/cami/genomes/A5_Assemblies_gt1kb/1139_I_run158_run162.final.scaffolds.gt1kb.fasta
1285_M	/vol/cami/genomes/A5_Assemblies_gt1kb/1285_M_run188.final.scaffolds.gt1kb.fasta
1285_U	/vol/cami/genomes/A5_Assemblies_gt1kb/1285_U_run188.final.scaffolds.gt1kb.fasta
1220_F	/vol/cami/genomes/A5_Assemblies_gt1kb/1220_F_run172_run176_run188.final.scaffolds.gt1kb.fasta
1139_AW	/vol/cami/genomes/A5_Assemblies_gt1kb/1139_AW_run158_run162.final.scaffolds.gt1kb.fasta
1139_CG	/vol/cami/genomes/A5_Assemblies_gt1kb/1139_CG_run158_run162.final.scaffolds.gt1kb.fasta
1139_BO	/vol/cami/genomes/A5_Assemblies_gt1kb/1139_BO_run158_run162.final.scaffolds.gt1kb.fasta
1286_AE	/vol/cami/genomes/A5_Assemblies_gt1kb/1286_AE_run191_run197.final.scaffolds.gt1kb.fasta
1286_AZ	/vol/cami/genomes/A5_Assemblies_gt1kb/1286_AZ_run191_run197.final.scaffolds.gt1kb.fasta
1286_BB	/vol/cami/genomes/A5_Assemblies_gt1kb/1286_BB_run191_run197.final.scaffolds.gt1kb.fasta
1285_BK	/vol/cami/genomes/A5_Assemblies_gt1kb/1285_BK_run189.final.scaffolds.gt1kb.fasta
1286_AV	/vol/cami/genomes/A5_Assemblies_gt1kb/1286_AV_run191_run197_run206.final.scaffolds.gt1kb.fasta
1021_BA	/vol/cami/genomes/A5_Assemblies_gt1kb/1021_BA_run134.final.scaffolds.gt1kb.fasta
1139_AH	/vol/cami/genomes/A5_Assemblies_gt1kb/1139_AH_run158_run162.final.scaffolds.gt1kb.fasta
1287_CM	/vol/cami/genomes/A5_Assemblies_gt1kb/1287_CM_run206.final.scaffolds.gt1kb.fasta
1285_CA	/vol/cami/genomes/A5_Assemblies_gt1kb/1285_CA_run189.final.scaffolds.gt1kb.fasta
1139_V	/vol/cami/genomes/A5_Assemblies_gt1kb/1139_V_run158_run162.final.scaffolds.gt1kb.fasta
1285_Z	/vol/cami/genomes/A5_Assemblies_gt1kb/1285_Z_run188_run192.final.scaffolds.gt1kb.fasta
1287_L	/vol/cami/genomes/A5_Assemblies_gt1kb/1287_L_run192_run197.final.scaffolds.gt1kb.fasta
1285_AA	/vol/cami/genomes/A5_Assemblies_gt1kb/1285_AA_run188.final.scaffolds.gt1kb.fasta
1286_E	/vol/cami/genomes/A5_Assemblies_gt1kb/1286_E_run191.final.scaffolds.gt1kb.fasta
1287_AB	/vol/cami/genomes/A5_Assemblies_gt1kb/1287_AB_run192_run197.final.scaffolds.gt1kb.fasta
1287_BZ	/vol/cami/genomes/A5_Assemblies_gt1kb/1287_BZ_run192_run197.final.scaffolds.gt1kb.fasta
1220_Q	/vol/cami/genomes/A5_Assemblies_gt1kb/1220_Q_run172_run176.final.scaffolds.gt1kb.fasta
1285_AM	/vol/cami/genomes/A5_Assemblies_gt1kb/1285_AM_run189.final.scaffolds.gt1kb.fasta
1021_N	/vol/cami/genomes/A5_Assemblies_gt1kb/1021_N_run134.final.scaffolds.gt1kb.fasta
1220_CG	/vol/cami/genomes/A5_Assemblies_gt1kb/1220_CG_run172_run176.final.scaffolds.gt1kb.fasta
1021_AG	/vol/cami/genomes/A5_Assemblies_gt1kb/1021_AG_run134.final.scaffolds.gt1kb.fasta
1365_B	/vol/cami/genomes/A5_Assemblies_gt1kb/1365_B_run201_run206.final.scaffolds.gt1kb.fasta
1286_D	/vol/cami/genomes/A5_Assemblies_gt1kb/1286_D_run191_run197.final.scaffolds.gt1kb.fasta
1287_BU	/vol/cami/genomes/A5_Assemblies_gt1kb/1287_BU_run192.final.scaffolds.gt1kb.fasta
1139_AF	/vol/cami/genomes/A5_Assemblies_gt1kb/1139_AF_run158_run162.final.scaffolds.gt1kb.fasta
1287_BM	/vol/cami/genomes/A5_Assemblies_gt1kb/1287_BM_run192.final.scaffolds.gt1kb.fasta
1220_M	/vol/cami/genomes/A5_Assemblies_gt1kb/1220_M_run172_run176_run188.final.scaffolds.gt1kb.fasta
1286_AT	/vol/cami/genomes/A5_Assemblies_gt1kb/1286_AT_run191_run197.final.scaffolds.gt1kb.fasta
1285_X	/vol/cami/genomes/A5_Assemblies_gt1kb/1285_X_run188.final.scaffolds.gt1kb.fasta
1286_BL	/vol/cami/genomes/A5_Assemblies_gt1kb/1286_BL_run191_run197.final.scaffolds.gt1kb.fasta
1287_AL	/vol/cami/genomes/A5_Assemblies_gt1kb/1287_AL_run192_run197.final.scaffolds.gt1kb.fasta
1285_BE	/vol/cami/genomes/A5_Assemblies_gt1kb/1285_BE_run189_run193.final.scaffolds.gt1kb.fasta
1365_L	/vol/cami/genomes/A5_Assemblies_gt1kb/1365_L_run201_run206.final.scaffolds.gt1kb.fasta
1365_R	/vol/cami/genomes/A5_Assemblies_gt1kb/1365_R_run201.final.scaffolds.gt1kb.fasta
1286_BF	/vol/cami/genomes/A5_Assemblies_gt1kb/1286_BF_run191.final.scaffolds.gt1kb.fasta
1365_J	/vol/cami/genomes/A5_Assemblies_gt1kb/1365_J_run201.final.scaffolds.gt1kb.fasta
1220_AY	/vol/cami/genomes/A5_Assemblies_gt1kb/1220_AY_run172_run176.final.scaffolds.gt1kb.fasta
1220_AC	/vol/cami/genomes/A5_Assemblies_gt1kb/1220_AC_run172_run176_run188.final.scaffolds.gt1kb.fasta
1286_P	/vol/cami/genomes/A5_Assemblies_gt1kb/1286_P_run191.final.scaffolds.gt1kb.fasta
1220_AF	/vol/cami/genomes/A5_Assemblies_gt1kb/1220_AF_run172_run176.final.scaffolds.gt1kb.fasta
1286_U	/vol/cami/genomes/A5_Assemblies_gt1kb/1286_U_run191_run197.final.scaffolds.gt1kb.fasta
1220_G	/vol/cami/genomes/A5_Assemblies_gt1kb/1220_G_run172.final.scaffolds.gt1kb.fasta
1287_CC	/vol/cami/genomes/A5_Assemblies_gt1kb/1287_CC_run192_run197.final.scaffolds.gt1kb.fasta
1220_I	/vol/cami/genomes/A5_Assemblies_gt1kb/1220_I_run172_run176_run188.final.scaffolds.gt1kb.fasta
1220_AG	/vol/cami/genomes/A5_Assemblies_gt1kb/1220_AG_run172_run176_run188.final.scaffolds.gt1kb.fasta
1220_BS	/vol/cami/genomes/A5_Assemblies_gt1kb/1220_BS_run172_run176_run188.final.scaffolds.gt1kb.fasta
1139_G	/vol/cami/genomes/A5_Assemblies_gt1kb/1139_G_run158_run162.final.scaffolds.gt1kb.fasta
1286_BS	/vol/cami/genomes/A5_Assemblies_gt1kb/1286_BS_run191_run197.final.scaffolds.gt1kb.fasta
1286_AK	/vol/cami/genomes/A5_Assemblies_gt1kb/1286_AK_run191_run197.final.scaffolds.gt1kb.fasta
1285_CL	/vol/cami/genomes/A5_Assemblies_gt1kb/1285_CL_run189.final.scaffolds.gt1kb.fasta
1139_AY	/vol/cami/genomes/A5_Assemblies_gt1kb/1139_AY_run158_run162.final.scaffolds.gt1kb.fasta
1139_CI	/vol/cami/genomes/A5_Assemblies_gt1kb/1139_CI_run158_run162.final.scaffolds.gt1kb.fasta
1286_BD	/vol/cami/genomes/A5_Assemblies_gt1kb/1286_BD_run191_run197.final.scaffolds.gt1kb.fasta
1286_CL	/vol/cami/genomes/A5_Assemblies_gt1kb/1286_CL_run191_run197.final.scaffolds.gt1kb.fasta
1286_AG	/vol/cami/genomes/A5_Assemblies_gt1kb/1286_AG_run191.final.scaffolds.gt1kb.fasta
1285_G	/vol/cami/genomes/A5_Assemblies_gt1kb/1285_G_run188.final.scaffolds.gt1kb.fasta
1139_AN	/vol/cami/genomes/A5_Assemblies_gt1kb/1139_AN_run158_run162.final.scaffolds.gt1kb.fasta
1139_BV	/vol/cami/genomes/A5_Assemblies_gt1kb/1139_BV_run158_run162.final.scaffolds.gt1kb.fasta
1287_BR	/vol/cami/genomes/A5_Assemblies_gt1kb/1287_BR_run192.final.scaffolds.gt1kb.fasta
1139_P	/vol/cami/genomes/A5_Assemblies_gt1kb/1139_P_run158_run162.final.scaffolds.gt1kb.fasta
1287_J	/vol/cami/genomes/A5_Assemblies_gt1kb/1287_J_run192_run197.final.scaffolds.gt1kb.fasta
1220_W	/vol/cami/genomes/A5_Assemblies_gt1kb/1220_W_run172_run176.final.scaffolds.gt1kb.fasta
1287_AD	/vol/cami/genomes/A5_Assemblies_gt1kb/1287_AD_run192_run197.final.scaffolds.gt1kb.fasta
1365_M	/vol/cami/genomes/A5_Assemblies_gt1kb/1365_M_run201.final.scaffolds.gt1kb.fasta
1220_AQ	/vol/cami/genomes/A5_Assemblies_gt1kb/1220_AQ_run172_run176.final.scaffolds.gt1kb.fasta
1365_U	/vol/cami/genomes/A5_Assemblies_gt1kb/1365_U_run201.final.scaffolds.gt1kb.fasta
1286_BY	/vol/cami/genomes/A5_Assemblies_gt1kb/1286_BY_run191.final.scaffolds.gt1kb.fasta
1285_AU	/vol/cami/genomes/A5_Assemblies_gt1kb/1285_AU_run189_run193.final.scaffolds.gt1kb.fasta
1285_BM	/vol/cami/genomes/A5_Assemblies_gt1kb/1285_BM_run189_run193.final.scaffolds.gt1kb.fasta
1365_D	/vol/cami/genomes/A5_Assemblies_gt1kb/1365_D_run201_run206.final.scaffolds.gt1kb.fasta
1139_CL	/vol/cami/genomes/A5_Assemblies_gt1kb/1139_CL_run158.final.scaffolds.gt1kb.fasta
1220_BV	/vol/cami/genomes/A5_Assemblies_gt1kb/1220_BV_run172_run176.final.scaffolds.gt1kb.fasta
1220_H	/vol/cami/genomes/A5_Assemblies_gt1kb/1220_H_run172_run176.final.scaffolds.gt1kb.fasta
1287_CK	/vol/cami/genomes/A5_Assemblies_gt1kb/1287_CK_run192_run197.final.scaffolds.gt1kb.fasta
1287_BC	/vol/cami/genomes/A5_Assemblies_gt1kb/1287_BC_run192_run197.final.scaffolds.gt1kb.fasta
1287_U	/vol/cami/genomes/A5_Assemblies_gt1kb/1287_U_run192_run197.final.scaffolds.gt1kb.fasta
1285_BY	/vol/cami/genomes/A5_Assemblies_gt1kb/1285_BY_run189.final.scaffolds.gt1kb.fasta
1285_BA	/vol/cami/genomes/A5_Assemblies_gt1kb/1285_BA_run189.final.scaffolds.gt1kb.fasta
1139_BI	/vol/cami/genomes/A5_Assemblies_gt1kb/1139_BI_run158_run162.final.scaffolds.gt1kb.fasta
1139_CA	/vol/cami/genomes/A5_Assemblies_gt1kb/1139_CA_run158_run162.final.scaffolds.gt1kb.fasta
1139_AQ	/vol/cami/genomes/A5_Assemblies_gt1kb/1139_AQ_run158_run162.final.scaffolds.gt1kb.fasta
1285_CK	/vol/cami/genomes/A5_Assemblies_gt1kb/1285_CK_run189.final.scaffolds.gt1kb.fasta
1286_AC	/vol/cami/genomes/A5_Assemblies_gt1kb/1286_AC_run191_run197.final.scaffolds.gt1kb.fasta
1287_CQ	/vol/cami/genomes/A5_Assemblies_gt1kb/1287_CQ_run192.final.scaffolds.gt1kb.fasta
1287_CI	/vol/cami/genomes/A5_Assemblies_gt1kb/1287_CI_run192.final.scaffolds.gt1kb.fasta
1139_BN	/vol/cami/genomes/A5_Assemblies_gt1kb/1139_BN_run158_run162.final.scaffolds.gt1kb.fasta
1139_CF	/vol/cami/genomes/A5_Assemblies_gt1kb/1139_CF_run158_run162.final.scaffolds.gt1kb.fasta
1285_V	/vol/cami/genomes/A5_Assemblies_gt1kb/1285_V_run188.final.scaffolds.gt1kb.fasta
1220_BC	/vol/cami/genomes/A5_Assemblies_gt1kb/1220_BC_run172_run176_run188.final.scaffolds.gt1kb.fasta
1285_N	/vol/cami/genomes/A5_Assemblies_gt1kb/1285_N_run188.final.scaffolds.gt1kb.fasta
1286_AD	/vol/cami/genomes/A5_Assemblies_gt1kb/1286_AD_run191_run197.final.scaffolds.gt1kb.fasta
1285_BU	/vol/cami/genomes/A5_Assemblies_gt1kb/1285_BU_run189_run193.final.scaffolds.gt1kb.fasta
1286_Z	/vol/cami/genomes/A5_Assemblies_gt1kb/1286_Z_run191_run197.final.scaffolds.gt1kb.fasta
1286_BH	/vol/cami/genomes/A5_Assemblies_gt1kb/1286_BH_run191.final.scaffolds.gt1kb.fasta
1220_BQ	/vol/cami/genomes/A5_Assemblies_gt1kb/1220_BQ_run172_run176.final.scaffolds.gt1kb.fasta
1220_AI	/vol/cami/genomes/A5_Assemblies_gt1kb/1220_AI_run172_run176.final.scaffolds.gt1kb.fasta
1220_O	/vol/cami/genomes/A5_Assemblies_gt1kb/1220_O_run172_run176.final.scaffolds.gt1kb.fasta
1285_D	/vol/cami/genomes/A5_Assemblies_gt1kb/1285_D_run188_run192.final.scaffolds.gt1kb.fasta
1287_R	/vol/cami/genomes/A5_Assemblies_gt1kb/1287_R_run192_run197.final.scaffolds.gt1kb.fasta
1220_AS	/vol/cami/genomes/A5_Assemblies_gt1kb/1220_AS_run172_run176_run188.final.scaffolds.gt1kb.fasta
1021_M	/vol/cami/genomes/A5_Assemblies_gt1kb/1021_M_run134.final.scaffolds.gt1kb.fasta
1021_U	/vol/cami/genomes/A5_Assemblies_gt1kb/1021_U_run134.final.scaffolds.gt1kb.fasta
1286_CQ	/vol/cami/genomes/A5_Assemblies_gt1kb/1286_CQ_run191_run197_run206.final.scaffolds.gt1kb.fasta
1287_AC	/vol/cami/genomes/A5_Assemblies_gt1kb/1287_AC_run192_run197.final.scaffolds.gt1kb.fasta
1220_P	/vol/cami/genomes/A5_Assemblies_gt1kb/1220_P_run172_run176.final.scaffolds.gt1kb.fasta
1285_AB	/vol/cami/genomes/A5_Assemblies_gt1kb/1285_AB_run188.final.scaffolds.gt1kb.fasta
1286_BC	/vol/cami/genomes/A5_Assemblies_gt1kb/1286_BC_run191_run197.final.scaffolds.gt1kb.fasta
1286_CK	/vol/cami/genomes/A5_Assemblies_gt1kb/1286_CK_run191_run197.final.scaffolds.gt1kb.fasta
1285_CB	/vol/cami/genomes/A5_Assemblies_gt1kb/1285_CB_run189.final.scaffolds.gt1kb.fasta
1139_BQ	/vol/cami/genomes/A5_Assemblies_gt1kb/1139_BQ_run158_run162.final.scaffolds.gt1kb.fasta
1285_BH	/vol/cami/genomes/A5_Assemblies_gt1kb/1285_BH_run189.final.scaffolds.gt1kb.fasta
1285_BP	/vol/cami/genomes/A5_Assemblies_gt1kb/1285_BP_run189.final.scaffolds.gt1kb.fasta
1286_AL	/vol/cami/genomes/A5_Assemblies_gt1kb/1286_AL_run191_run197.final.scaffolds.gt1kb.fasta
1286_BT	/vol/cami/genomes/A5_Assemblies_gt1kb/1286_BT_run191_run197.final.scaffolds.gt1kb.fasta
1287_BD	/vol/cami/genomes/A5_Assemblies_gt1kb/1287_BD_run192.final.scaffolds.gt1kb.fasta
1287_C	/vol/cami/genomes/A5_Assemblies_gt1kb/1287_C_run192.final.scaffolds.gt1kb.fasta
1139_BF	/vol/cami/genomes/A5_Assemblies_gt1kb/1139_BF_run158_run162.final.scaffolds.gt1kb.fasta
1285_Q	/vol/cami/genomes/A5_Assemblies_gt1kb/1285_Q_run188.final.scaffolds.gt1kb.fasta
1286_BO	/vol/cami/genomes/A5_Assemblies_gt1kb/1286_BO_run191.final.scaffolds.gt1kb.fasta
1365_C	/vol/cami/genomes/A5_Assemblies_gt1kb/1365_C_run201.final.scaffolds.gt1kb.fasta
1287_Z	/vol/cami/genomes/A5_Assemblies_gt1kb/1287_Z_run192_run197.final.scaffolds.gt1kb.fasta
1286_CE	/vol/cami/genomes/A5_Assemblies_gt1kb/1286_CE_run191.final.scaffolds.gt1kb.fasta
1287_AT	/vol/cami/genomes/A5_Assemblies_gt1kb/1287_AT_run192_run197.final.scaffolds.gt1kb.fasta
1287_BL	/vol/cami/genomes/A5_Assemblies_gt1kb/1287_BL_run192_run197.final.scaffolds.gt1kb.fasta
1287_CD	/vol/cami/genomes/A5_Assemblies_gt1kb/1287_CD_run192_run197.final.scaffolds.gt1kb.fasta
1021_AC	/vol/cami/genomes/A5_Assemblies_gt1kb/1021_AC_run134.final.scaffolds.gt1kb.fasta
1220_X	/vol/cami/genomes/A5_Assemblies_gt1kb/1220_X_run172_run176.final.scaffolds.gt1kb.fasta
1285_AQ	/vol/cami/genomes/A5_Assemblies_gt1kb/1285_AQ_run189.final.scaffolds.gt1kb.fasta
1021_R	/vol/cami/genomes/A5_Assemblies_gt1kb/1021_R_run134.final.scaffolds.gt1kb.fasta
1286_A	/vol/cami/genomes/A5_Assemblies_gt1kb/1286_A_run191.final.scaffolds.gt1kb.fasta
1286_M	/vol/cami/genomes/A5_Assemblies_gt1kb/1286_M_run191_run197.final.scaffolds.gt1kb.fasta
1365_K	/vol/cami/genomes/A5_Assemblies_gt1kb/1365_K_run201_run206.final.scaffolds.gt1kb.fasta
1139_CH	/vol/cami/genomes/A5_Assemblies_gt1kb/1139_CH_run158_run162_run167.final.scaffolds.gt1kb.fasta
1285_AE	/vol/cami/genomes/A5_Assemblies_gt1kb/1285_AE_run188.final.scaffolds.gt1kb.fasta
1139_AA	/vol/cami/genomes/A5_Assemblies_gt1kb/1139_AA_run158_run162.final.scaffolds.gt1kb.fasta
1139_BY	/vol/cami/genomes/A5_Assemblies_gt1kb/1139_BY_run158_run162.final.scaffolds.gt1kb.fasta
1285_CE	/vol/cami/genomes/A5_Assemblies_gt1kb/1285_CE_run189.final.scaffolds.gt1kb.fasta
1286_AS	/vol/cami/genomes/A5_Assemblies_gt1kb/1286_AS_run191_run197.final.scaffolds.gt1kb.fasta
1021_BE	/vol/cami/genomes/A5_Assemblies_gt1kb/1021_BE_run134.final.scaffolds.gt1kb.fasta
1220_CC	/vol/cami/genomes/A5_Assemblies_gt1kb/1220_CC_run172_run176_run188.final.scaffolds.gt1kb.fasta
1285_BW	/vol/cami/genomes/A5_Assemblies_gt1kb/1285_BW_run189.final.scaffolds.gt1kb.fasta
1285_BO	/vol/cami/genomes/A5_Assemblies_gt1kb/1285_BO_run189.final.scaffolds.gt1kb.fasta
1286_AP	/vol/cami/genomes/A5_Assemblies_gt1kb/1286_AP_run191_run197.final.scaffolds.gt1kb.fasta
1139_BZ	/vol/cami/genomes/A5_Assemblies_gt1kb/1139_BZ_run158_run162.final.scaffolds.gt1kb.fasta
1021_W	/vol/cami/genomes/A5_Assemblies_gt1kb/1021_W_run134.final.scaffolds.gt1kb.fasta
1021_O	/vol/cami/genomes/A5_Assemblies_gt1kb/1021_O_run134.final.scaffolds.gt1kb.fasta
1287_F	/vol/cami/genomes/A5_Assemblies_gt1kb/1287_F_run192_run197.final.scaffolds.gt1kb.fasta
1285_BJ	/vol/cami/genomes/A5_Assemblies_gt1kb/1285_BJ_run189.final.scaffolds.gt1kb.fasta
1285_AP	/vol/cami/genomes/A5_Assemblies_gt1kb/1285_AP_run189_run193_run202_run206.final.scaffolds.gt1kb.fasta
1287_AH	/vol/cami/genomes/A5_Assemblies_gt1kb/1287_AH_run192_run197.final.scaffolds.gt1kb.fasta
1287_CL	/vol/cami/genomes/A5_Assemblies_gt1kb/1287_CL_run206.final.scaffolds.gt1kb.fasta
1286_N	/vol/cami/genomes/A5_Assemblies_gt1kb/1286_N_run191_run197.final.scaffolds.gt1kb.fasta
1285_L	/vol/cami/genomes/A5_Assemblies_gt1kb/1285_L_run188.final.scaffolds.gt1kb.fasta
1285_T	/vol/cami/genomes/A5_Assemblies_gt1kb/1285_T_run188.final.scaffolds.gt1kb.fasta
1287_CG	/vol/cami/genomes/A5_Assemblies_gt1kb/1287_CG_run192_run197.final.scaffolds.gt1kb.fasta
1287_AW	/vol/cami/genomes/A5_Assemblies_gt1kb/1287_AW_run192_run197.final.scaffolds.gt1kb.fasta
1220_AA	/vol/cami/genomes/A5_Assemblies_gt1kb/1220_AA_run172_run176_run188.final.scaffolds.gt1kb.fasta
1287_Y	/vol/cami/genomes/A5_Assemblies_gt1kb/1287_Y_run192_run197.final.scaffolds.gt1kb.fasta
1139_C	/vol/cami/genomes/A5_Assemblies_gt1kb/1139_C_run158_run162.final.scaffolds.gt1kb.fasta
1365_F	/vol/cami/genomes/A5_Assemblies_gt1kb/1365_F_run201.final.scaffolds.gt1kb.fasta
1139_CM	/vol/cami/genomes/A5_Assemblies_gt1kb/1139_CM_run158_run162.final.scaffolds.gt1kb.fasta
1139_BE	/vol/cami/genomes/A5_Assemblies_gt1kb/1139_BE_run158_run162.final.scaffolds.gt1kb.fasta
1286_BW	/vol/cami/genomes/A5_Assemblies_gt1kb/1286_BW_run191_run197.final.scaffolds.gt1kb.fasta
1286_AO	/vol/cami/genomes/A5_Assemblies_gt1kb/1286_AO_run191_run197.final.scaffolds.gt1kb.fasta
1139_AJ	/vol/cami/genomes/A5_Assemblies_gt1kb/1139_AJ_run158_run162.final.scaffolds.gt1kb.fasta
1286_AX	/vol/cami/genomes/A5_Assemblies_gt1kb/1286_AX_run191_run197.final.scaffolds.gt1kb.fasta
1139_T	/vol/cami/genomes/A5_Assemblies_gt1kb/1139_T_run158_run162.final.scaffolds.gt1kb.fasta
1021_H	/vol/cami/genomes/A5_Assemblies_gt1kb/1021_H_run134.final.scaffolds.gt1kb.fasta
1021_P	/vol/cami/genomes/A5_Assemblies_gt1kb/1021_P_run134.final.scaffolds.gt1kb.fasta
1287_N	/vol/cami/genomes/A5_Assemblies_gt1kb/1287_N_run192_run197.final.scaffolds.gt1kb.fasta
1286_F	/vol/cami/genomes/A5_Assemblies_gt1kb/1286_F_run191_run197.final.scaffolds.gt1kb.fasta
1021_AN	/vol/cami/genomes/A5_Assemblies_gt1kb/1021_AN_run134_run137WDH_run147.final.scaffolds.gt1kb.fasta
1286_CO	/vol/cami/genomes/A5_Assemblies_gt1kb/1286_CO_run191_run197_run206.final.scaffolds.gt1kb.fasta
1220_BM	/vol/cami/genomes/A5_Assemblies_gt1kb/1220_BM_run172_run176.final.scaffolds.gt1kb.fasta
1285_CG	/vol/cami/genomes/A5_Assemblies_gt1kb/1285_CG_run189.final.scaffolds.gt1kb.fasta
1285_BV	/vol/cami/genomes/A5_Assemblies_gt1kb/1285_BV_run189_run193.final.scaffolds.gt1kb.fasta
1285_AN	/vol/cami/genomes/A5_Assemblies_gt1kb/1285_AN_run189_run193.final.scaffolds.gt1kb.fasta
1286_Y	/vol/cami/genomes/A5_Assemblies_gt1kb/1286_Y_run191_run197.final.scaffolds.gt1kb.fasta
1285_S	/vol/cami/genomes/A5_Assemblies_gt1kb/1285_S_run188.final.scaffolds.gt1kb.fasta
1285_K	/vol/cami/genomes/A5_Assemblies_gt1kb/1285_K_run188.final.scaffolds.gt1kb.fasta
1287_BG	/vol/cami/genomes/A5_Assemblies_gt1kb/1287_BG_run192_run197.final.scaffolds.gt1kb.fasta
1220_L	/vol/cami/genomes/A5_Assemblies_gt1kb/1220_L_run172_run176.final.scaffolds.gt1kb.fasta
1139_K	/vol/cami/genomes/A5_Assemblies_gt1kb/1139_K_run158_run162.final.scaffolds.gt1kb.fasta
1286_CG	/vol/cami/genomes/A5_Assemblies_gt1kb/1286_CG_run191.final.scaffolds.gt1kb.fasta
1287_AX	/vol/cami/genomes/A5_Assemblies_gt1kb/1287_AX_run192.final.scaffolds.gt1kb.fasta
1139_BM	/vol/cami/genomes/A5_Assemblies_gt1kb/1139_BM_run158_run162.final.scaffolds.gt1kb.fasta
1139_CE	/vol/cami/genomes/A5_Assemblies_gt1kb/1139_CE_run158_run162.final.scaffolds.gt1kb.fasta
1365_A	/vol/cami/genomes/A5_Assemblies_gt1kb/1365_A_run201.final.scaffolds.gt1kb.fasta
1139_L	/vol/cami/genomes/A5_Assemblies_gt1kb/1139_L_run158_run162.final.scaffolds.gt1kb.fasta
1021_Y	/vol/cami/genomes/A5_Assemblies_gt1kb/1021_Y_run134.final.scaffolds.gt1kb.fasta
1285_AZ	/vol/cami/genomes/A5_Assemblies_gt1kb/1285_AZ_run189.final.scaffolds.gt1kb.fasta
1021_A	/vol/cami/genomes/A5_Assemblies_gt1kb/1021_A_run134.final.scaffolds.gt1kb.fasta
1286_J	/vol/cami/genomes/A5_Assemblies_gt1kb/1286_J_run191.final.scaffolds.gt1kb.fasta
1286_R	/vol/cami/genomes/A5_Assemblies_gt1kb/1286_R_run191.final.scaffolds.gt1kb.fasta
1286_CP	/vol/cami/genomes/A5_Assemblies_gt1kb/1286_CP_run191_run197.final.scaffolds.gt1kb.fasta
1139_AR	/vol/cami/genomes/A5_Assemblies_gt1kb/1139_AR_run158_run162.final.scaffolds.gt1kb.fasta
1139_CB	/vol/cami/genomes/A5_Assemblies_gt1kb/1139_CB_run158_run162.final.scaffolds.gt1kb.fasta
1220_BU	/vol/cami/genomes/A5_Assemblies_gt1kb/1220_BU_run172_run176.final.scaffolds.gt1kb.fasta
1220_AM	/vol/cami/genomes/A5_Assemblies_gt1kb/1220_AM_run172_run176.final.scaffolds.gt1kb.fasta
1220_CI	/vol/cami/genomes/A5_Assemblies_gt1kb/1220_CI_run172_run176_run188.final.scaffolds.gt1kb.fasta
1220_BE	/vol/cami/genomes/A5_Assemblies_gt1kb/1220_BE_run172_run176_run188.final.scaffolds.gt1kb.fasta
1285_CN	/vol/cami/genomes/A5_Assemblies_gt1kb/1285_CN_run189.final.scaffolds.gt1kb.fasta
1287_V	/vol/cami/genomes/A5_Assemblies_gt1kb/1287_V_run192_run197.final.scaffolds.gt1kb.fasta
1220_K	/vol/cami/genomes/A5_Assemblies_gt1kb/1220_K_run172_run176.final.scaffolds.gt1kb.fasta
1287_CH	/vol/cami/genomes/A5_Assemblies_gt1kb/1287_CH_run192_run197.final.scaffolds.gt1kb.fasta
1021_BF	/vol/cami/genomes/A5_Assemblies_gt1kb/1021_BF_run134_run137WDH_run147.final.scaffolds.gt1kb.fasta
1285_BD	/vol/cami/genomes/A5_Assemblies_gt1kb/1285_BD_run189.final.scaffolds.gt1kb.fasta
1220_T	/vol/cami/genomes/A5_Assemblies_gt1kb/1220_T_run172_run176.final.scaffolds.gt1kb.fasta
1287_CE	/vol/cami/genomes/A5_Assemblies_gt1kb/1287_CE_run192.final.scaffolds.gt1kb.fasta
1287_AG	/vol/cami/genomes/A5_Assemblies_gt1kb/1287_AG_run192_run197.final.scaffolds.gt1kb.fasta
1287_I	/vol/cami/genomes/A5_Assemblies_gt1kb/1287_I_run192_run197.final.scaffolds.gt1kb.fasta
1287_H	/vol/cami/genomes/A5_Assemblies_gt1kb/1287_H_run192.final.scaffolds.gt1kb.fasta
1285_AV	/vol/cami/genomes/A5_Assemblies_gt1kb/1285_AV_run189_run193.final.scaffolds.gt1kb.fasta
1287_BO	/vol/cami/genomes/A5_Assemblies_gt1kb/1287_BO_run192.final.scaffolds.gt1kb.fasta
1287_BW	/vol/cami/genomes/A5_Assemblies_gt1kb/1287_BW_run192.final.scaffolds.gt1kb.fasta
1220_AR	/vol/cami/genomes/A5_Assemblies_gt1kb/1220_AR_run172_run176.final.scaffolds.gt1kb.fasta
1139_BU	/vol/cami/genomes/A5_Assemblies_gt1kb/1139_BU_run158_run162.final.scaffolds.gt1kb.fasta
1286_BG	/vol/cami/genomes/A5_Assemblies_gt1kb/1286_BG_run191_run197.final.scaffolds.gt1kb.fasta
1365_H	/vol/cami/genomes/A5_Assemblies_gt1kb/1365_H_run201.final.scaffolds.gt1kb.fasta
1365_P	/vol/cami/genomes/A5_Assemblies_gt1kb/1365_P_run201.final.scaffolds.gt1kb.fasta
1220_BA	/vol/cami/genomes/A5_Assemblies_gt1kb/1220_BA_run172_run176_run188.final.scaffolds.gt1kb.fasta
1139_S	/vol/cami/genomes/A5_Assemblies_gt1kb/1139_S_run158_run162.final.scaffolds.gt1kb.fasta
1220_AU	/vol/cami/genomes/A5_Assemblies_gt1kb/1220_AU_run172_run176_run188.final.scaffolds.gt1kb.fasta
1021_C	/vol/cami/genomes/A5_Assemblies_gt1kb/1021_C_run134_run137WDH_run147.final.scaffolds.gt1kb.fasta
1021_F	/vol/cami/genomes/A5_Assemblies_gt1kb/1021_F_run134.final.scaffolds.gt1kb.fasta
1285_AI	/vol/cami/genomes/A5_Assemblies_gt1kb/1285_AI_run188.final.scaffolds.gt1kb.fasta
1139_CJ	/vol/cami/genomes/A5_Assemblies_gt1kb/1139_CJ_run158_run162.final.scaffolds.gt1kb.fasta
1139_AZ	/vol/cami/genomes/A5_Assemblies_gt1kb/1139_AZ_run158_run162.final.scaffolds.gt1kb.fasta
1286_AH	/vol/cami/genomes/A5_Assemblies_gt1kb/1286_AH_run191_run197.final.scaffolds.gt1kb.fasta
1286_BP	/vol/cami/genomes/A5_Assemblies_gt1kb/1286_BP_run191_run197.final.scaffolds.gt1kb.fasta
1285_CI	/vol/cami/genomes/A5_Assemblies_gt1kb/1285_CI_run189.final.scaffolds.gt1kb.fasta
1285_CQ	/vol/cami/genomes/A5_Assemblies_gt1kb/1285_CQ_run189.final.scaffolds.gt1kb.fasta
1220_AE	/vol/cami/genomes/A5_Assemblies_gt1kb/1220_AE_run172_run176.final.scaffolds.gt1kb.fasta
1021_B	/vol/cami/genomes/A5_Assemblies_gt1kb/1021_B_run134_run137WDH_run147.final.scaffolds.gt1kb.fasta
1220_C	/vol/cami/genomes/A5_Assemblies_gt1kb/1220_C_run172_run176.final.scaffolds.gt1kb.fasta
1285_BC	/vol/cami/genomes/A5_Assemblies_gt1kb/1285_BC_run189.final.scaffolds.gt1kb.fasta
1287_AP	/vol/cami/genomes/A5_Assemblies_gt1kb/1287_AP_run192_run197.final.scaffolds.gt1kb.fasta
1021_BI	/vol/cami/genomes/A5_Assemblies_gt1kb/1021_BI_run134.final.scaffolds.gt1kb.fasta
1285_H	/vol/cami/genomes/A5_Assemblies_gt1kb/1285_H_run188_run192.final.scaffolds.gt1kb.fasta
1285_W	/vol/cami/genomes/A5_Assemblies_gt1kb/1285_W_run188_run192.final.scaffolds.gt1kb.fasta
1287_A	/vol/cami/genomes/A5_Assemblies_gt1kb/1287_A_run192_run197.final.scaffolds.gt1kb.fasta
1220_CE	/vol/cami/genomes/A5_Assemblies_gt1kb/1220_CE_run172_run176_run188.final.scaffolds.gt1kb.fasta
1220_BI	/vol/cami/genomes/A5_Assemblies_gt1kb/1220_BI_run172_run176_run188.final.scaffolds.gt1kb.fasta
1287_AO	/vol/cami/genomes/A5_Assemblies_gt1kb/1287_AO_run192_run197.final.scaffolds.gt1kb.fasta
1285_BR	/vol/cami/genomes/A5_Assemblies_gt1kb/1285_BR_run189_run193_run202_run206.final.scaffolds.gt1kb.fasta
1285_E	/vol/cami/genomes/A5_Assemblies_gt1kb/1285_E_run188.final.scaffolds.gt1kb.fasta
1286_I	/vol/cami/genomes/A5_Assemblies_gt1kb/1286_I_run191_run197.final.scaffolds.gt1kb.fasta
1365_O	/vol/cami/genomes/A5_Assemblies_gt1kb/1365_O_run201.final.scaffolds.gt1kb.fasta
1286_AW	/vol/cami/genomes/A5_Assemblies_gt1kb/1286_AW_run191_run197.final.scaffolds.gt1kb.fasta
1286_CI	/vol/cami/genomes/A5_Assemblies_gt1kb/1286_CI_run191.final.scaffolds.gt1kb.fasta
1220_S	/vol/cami/genomes/A5_Assemblies_gt1kb/1220_S_run172_run176_run188.final.scaffolds.gt1kb.fasta
1287_AA	/vol/cami/genomes/A5_Assemblies_gt1kb/1287_AA_run192_run197.final.scaffolds.gt1kb.fasta
1220_R	/vol/cami/genomes/A5_Assemblies_gt1kb/1220_R_run172_run176.final.scaffolds.gt1kb.fasta
1287_BJ	/vol/cami/genomes/A5_Assemblies_gt1kb/1287_BJ_run192_run206.final.scaffolds.gt1kb.fasta
1285_CD	/vol/cami/genomes/A5_Assemblies_gt1kb/1285_CD_run189.final.scaffolds.gt1kb.fasta
1287_O	/vol/cami/genomes/A5_Assemblies_gt1kb/1287_O_run192_run197.final.scaffolds.gt1kb.fasta
1021_BD	/vol/cami/genomes/A5_Assemblies_gt1kb/1021_BD_run134.final.scaffolds.gt1kb.fasta
1287_CP	/vol/cami/genomes/A5_Assemblies_gt1kb/1287_CP_run206.final.scaffolds.gt1kb.fasta
1285_BN	/vol/cami/genomes/A5_Assemblies_gt1kb/1285_BN_run189.final.scaffolds.gt1kb.fasta
1220_BL	/vol/cami/genomes/A5_Assemblies_gt1kb/1220_BL_run172_run176.final.scaffolds.gt1kb.fasta
1220_AT	/vol/cami/genomes/A5_Assemblies_gt1kb/1220_AT_run172_run176.final.scaffolds.gt1kb.fasta
1139_AK	/vol/cami/genomes/A5_Assemblies_gt1kb/1139_AK_run158_run162.final.scaffolds.gt1kb.fasta
1139_BS	/vol/cami/genomes/A5_Assemblies_gt1kb/1139_BS_run158_run162.final.scaffolds.gt1kb.fasta
1021_AZ	/vol/cami/genomes/A5_Assemblies_gt1kb/1021_AZ_run134.final.scaffolds.gt1kb.fasta
1286_BA	/vol/cami/genomes/A5_Assemblies_gt1kb/1286_BA_run191_run197.final.scaffolds.gt1kb.fasta
1021_S	/vol/cami/genomes/A5_Assemblies_gt1kb/1021_S_run134.final.scaffolds.gt1kb.fasta
1286_AY	/vol/cami/genomes/A5_Assemblies_gt1kb/1286_AY_run191_run197.final.scaffolds.gt1kb.fasta
1285_AD	/vol/cami/genomes/A5_Assemblies_gt1kb/1285_AD_run188.final.scaffolds.gt1kb.fasta
1286_BN	/vol/cami/genomes/A5_Assemblies_gt1kb/1286_BN_run191.final.scaffolds.gt1kb.fasta
1139_J	/vol/cami/genomes/A5_Assemblies_gt1kb/1139_J_run158_run162.final.scaffolds.gt1kb.fasta
1286_BV	/vol/cami/genomes/A5_Assemblies_gt1kb/1286_BV_run191.final.scaffolds.gt1kb.fasta
1021_AH	/vol/cami/genomes/A5_Assemblies_gt1kb/1021_AH_run134_run137WDH_run147.final.scaffolds.gt1kb.fasta
1286_AF	/vol/cami/genomes/A5_Assemblies_gt1kb/1286_AF_run191_run197.final.scaffolds.gt1kb.fasta
1286_CD	/vol/cami/genomes/A5_Assemblies_gt1kb/1286_CD_run191.final.scaffolds.gt1kb.fasta
1139_CD	/vol/cami/genomes/A5_Assemblies_gt1kb/1139_CD_run158_run162.final.scaffolds.gt1kb.fasta
1139_BL	/vol/cami/genomes/A5_Assemblies_gt1kb/1139_BL_run158_run162.final.scaffolds.gt1kb.fasta
1220_AK	/vol/cami/genomes/A5_Assemblies_gt1kb/1220_AK_run172_run176.final.scaffolds.gt1kb.fasta
1220_AV	/vol/cami/genomes/A5_Assemblies_gt1kb/1220_AV_run172_run176_run188.final.scaffolds.gt1kb.fasta
1286_X	/vol/cami/genomes/A5_Assemblies_gt1kb/1286_X_run191_run197.final.scaffolds.gt1kb.fasta
1285_AO	/vol/cami/genomes/A5_Assemblies_gt1kb/1285_AO_run189_run193.final.scaffolds.gt1kb.fasta
1220_BB	/vol/cami/genomes/A5_Assemblies_gt1kb/1220_BB_run172_run176_run188.final.scaffolds.gt1kb.fasta
1287_P	/vol/cami/genomes/A5_Assemblies_gt1kb/1287_P_run192_run197.final.scaffolds.gt1kb.fasta
1287_B	/vol/cami/genomes/A5_Assemblies_gt1kb/1287_B_run192.final.scaffolds.gt1kb.fasta
1287_BF	/vol/cami/genomes/A5_Assemblies_gt1kb/1287_BF_run192_run197.final.scaffolds.gt1kb.fasta
1285_P	/vol/cami/genomes/A5_Assemblies_gt1kb/1285_P_run188.final.scaffolds.gt1kb.fasta
1287_G	/vol/cami/genomes/A5_Assemblies_gt1kb/1287_G_run192_run197.final.scaffolds.gt1kb.fasta
1285_CC	/vol/cami/genomes/A5_Assemblies_gt1kb/1285_CC_run189.final.scaffolds.gt1kb.fasta
1220_AZ	/vol/cami/genomes/A5_Assemblies_gt1kb/1220_AZ_run172_run176_run188.final.scaffolds.gt1kb.fasta
1287_AI	/vol/cami/genomes/A5_Assemblies_gt1kb/1287_AI_run192_run197.final.scaffolds.gt1kb.fasta
1285_BI	/vol/cami/genomes/A5_Assemblies_gt1kb/1285_BI_run189.final.scaffolds.gt1kb.fasta
1220_BD	/vol/cami/genomes/A5_Assemblies_gt1kb/1220_BD_run172_run176.final.scaffolds.gt1kb.fasta
1285_BQ	/vol/cami/genomes/A5_Assemblies_gt1kb/1285_BQ_run189.final.scaffolds.gt1kb.fasta
1286_O	/vol/cami/genomes/A5_Assemblies_gt1kb/1286_O_run191_run197.final.scaffolds.gt1kb.fasta
1286_AQ	/vol/cami/genomes/A5_Assemblies_gt1kb/1286_AQ_run191_run197.final.scaffolds.gt1kb.fasta
1286_BI	/vol/cami/genomes/A5_Assemblies_gt1kb/1286_BI_run191_run197.final.scaffolds.gt1kb.fasta
1021_L	/vol/cami/genomes/A5_Assemblies_gt1kb/1021_L_run134.final.scaffolds.gt1kb.fasta
1021_T	/vol/cami/genomes/A5_Assemblies_gt1kb/1021_T_run134.final.scaffolds.gt1kb.fasta
1021_AE	/vol/cami/genomes/A5_Assemblies_gt1kb/1021_AE_run134.final.scaffolds.gt1kb.fasta
1285_AC	/vol/cami/genomes/A5_Assemblies_gt1kb/1285_AC_run188.final.scaffolds.gt1kb.fasta
1286_G	/vol/cami/genomes/A5_Assemblies_gt1kb/1286_G_run191.final.scaffolds.gt1kb.fasta
1139_B	/vol/cami/genomes/A5_Assemblies_gt1kb/1139_B_run158_run162.final.scaffolds.gt1kb.fasta
1286_BQ	/vol/cami/genomes/A5_Assemblies_gt1kb/1286_BQ_run191.final.scaffolds.gt1kb.fasta
1365_E	/vol/cami/genomes/A5_Assemblies_gt1kb/1365_E_run201.final.scaffolds.gt1kb.fasta
1139_BD	/vol/cami/genomes/A5_Assemblies_gt1kb/1139_BD_run158_run162.final.scaffolds.gt1kb.fasta
1286_CC	/vol/cami/genomes/A5_Assemblies_gt1kb/1286_CC_run191.final.scaffolds.gt1kb.fasta
1220_CF	/vol/cami/genomes/A5_Assemblies_gt1kb/1220_CF_run172_run176_run188.final.scaffolds.gt1kb.fasta
1286_AN	/vol/cami/genomes/A5_Assemblies_gt1kb/1286_AN_run191_run197.final.scaffolds.gt1kb.fasta
1287_AV	/vol/cami/genomes/A5_Assemblies_gt1kb/1287_AV_run192_run197.final.scaffolds.gt1kb.fasta
1220_E	/vol/cami/genomes/A5_Assemblies_gt1kb/1220_E_run172_run176.final.scaffolds.gt1kb.fasta
1285_O	/vol/cami/genomes/A5_Assemblies_gt1kb/1285_O_run188.final.scaffolds.gt1kb.fasta
1285_BX	/vol/cami/genomes/A5_Assemblies_gt1kb/1285_BX_run189.final.scaffolds.gt1kb.fasta
1286_W	/vol/cami/genomes/A5_Assemblies_gt1kb/1286_W_run191_run197.final.scaffolds.gt1kb.fasta
1285_AS	/vol/cami/genomes/A5_Assemblies_gt1kb/1285_AS_run189_run202.final.scaffolds.gt1kb.fasta
1220_AD	/vol/cami/genomes/A5_Assemblies_gt1kb/1220_AD_run172_run176.final.scaffolds.gt1kb.fasta
1285_CR	/vol/cami/genomes/A5_Assemblies_gt1kb/1285_CR_run189.final.scaffolds.gt1kb.fasta
1220_B	/vol/cami/genomes/A5_Assemblies_gt1kb/1220_B_run172_run176.final.scaffolds.gt1kb.fasta
1285_CJ	/vol/cami/genomes/A5_Assemblies_gt1kb/1285_CJ_run189.final.scaffolds.gt1kb.fasta
1287_AQ	/vol/cami/genomes/A5_Assemblies_gt1kb/1287_AQ_run192_run197.final.scaffolds.gt1kb.fasta
1285_I	/vol/cami/genomes/A5_Assemblies_gt1kb/1285_I_run188_run192.final.scaffolds.gt1kb.fasta
1285_AJ	/vol/cami/genomes/A5_Assemblies_gt1kb/1285_AJ_run188.final.scaffolds.gt1kb.fasta
1286_V	/vol/cami/genomes/A5_Assemblies_gt1kb/1286_V_run191.final.scaffolds.gt1kb.fasta
1139_BC	/vol/cami/genomes/A5_Assemblies_gt1kb/1139_BC_run158_run162.final.scaffolds.gt1kb.fasta
1139_CK	/vol/cami/genomes/A5_Assemblies_gt1kb/1139_CK_run158_run162.final.scaffolds.gt1kb.fasta
1021_E	/vol/cami/genomes/A5_Assemblies_gt1kb/1021_E_run134.final.scaffolds.gt1kb.fasta
1286_AI	/vol/cami/genomes/A5_Assemblies_gt1kb/1286_AI_run191_run197.final.scaffolds.gt1kb.fasta
1285_AG	/vol/cami/genomes/A5_Assemblies_gt1kb/1285_AG_run188_run192_run197.final.scaffolds.gt1kb.fasta
1286_CF	/vol/cami/genomes/A5_Assemblies_gt1kb/1286_CF_run191_run197.final.scaffolds.gt1kb.fasta
1286_CJ	/vol/cami/genomes/A5_Assemblies_gt1kb/1286_CJ_run191.final.scaffolds.gt1kb.fasta
1220_AB	/vol/cami/genomes/A5_Assemblies_gt1kb/1220_AB_run172_run176_run188.final.scaffolds.gt1kb.fasta
1286_CR	/vol/cami/genomes/A5_Assemblies_gt1kb/1286_CR_run191.final.scaffolds.gt1kb.fasta
1286_BX	/vol/cami/genomes/A5_Assemblies_gt1kb/1286_BX_run191.final.scaffolds.gt1kb.fasta
1365_T	/vol/cami/genomes/A5_Assemblies_gt1kb/1365_T_run201.final.scaffolds.gt1kb.fasta
1285_F	/vol/cami/genomes/A5_Assemblies_gt1kb/1285_F_run188.final.scaffolds.gt1kb.fasta
1287_T	/vol/cami/genomes/A5_Assemblies_gt1kb/1287_T_run192.final.scaffolds.gt1kb.fasta
1287_AN	/vol/cami/genomes/A5_Assemblies_gt1kb/1287_AN_run192_run197.final.scaffolds.gt1kb.fasta
1220_CK	/vol/cami/genomes/A5_Assemblies_gt1kb/1220_CK_run172_run176.final.scaffolds.gt1kb.fasta
1286_H	/vol/cami/genomes/A5_Assemblies_gt1kb/1286_H_run191_run197.final.scaffolds.gt1kb.fasta
1220_BT	/vol/cami/genomes/A5_Assemblies_gt1kb/1220_BT_run172_run176.final.scaffolds.gt1kb.fasta
1220_AL	/vol/cami/genomes/A5_Assemblies_gt1kb/1220_AL_run172_run176.final.scaffolds.gt1kb.fasta
1285_BG	/vol/cami/genomes/A5_Assemblies_gt1kb/1285_BG_run189.final.scaffolds.gt1kb.fasta
1285_A	/vol/cami/genomes/A5_Assemblies_gt1kb/1285_A_run188_run192.final.scaffolds.gt1kb.fasta
1287_W	/vol/cami/genomes/A5_Assemblies_gt1kb/1287_W_run192_run197.final.scaffolds.gt1kb.fasta
1285_CM	/vol/cami/genomes/A5_Assemblies_gt1kb/1285_CM_run189.final.scaffolds.gt1kb.fasta
1220_J	/vol/cami/genomes/A5_Assemblies_gt1kb/1220_J_run172_run176.final.scaffolds.gt1kb.fasta
1287_AY	/vol/cami/genomes/A5_Assemblies_gt1kb/1287_AY_run192_run197.final.scaffolds.gt1kb.fasta
1286_Q	/vol/cami/genomes/A5_Assemblies_gt1kb/1286_Q_run191.final.scaffolds.gt1kb.fasta
1139_M	/vol/cami/genomes/A5_Assemblies_gt1kb/1139_M_run158_run162.final.scaffolds.gt1kb.fasta
1139_BT	/vol/cami/genomes/A5_Assemblies_gt1kb/1139_BT_run162_run167.final.scaffolds.gt1kb.fasta
1286_AA	/vol/cami/genomes/A5_Assemblies_gt1kb/1286_AA_run191_run197.final.scaffolds.gt1kb.fasta
1139_AS	/vol/cami/genomes/A5_Assemblies_gt1kb/1139_AS_run158_run162.final.scaffolds.gt1kb.fasta
1139_CC	/vol/cami/genomes/A5_Assemblies_gt1kb/1139_CC_run158_run162.final.scaffolds.gt1kb.fasta
1139_BK	/vol/cami/genomes/A5_Assemblies_gt1kb/1139_BK_run158_run162.final.scaffolds.gt1kb.fasta
1285_AY	/vol/cami/genomes/A5_Assemblies_gt1kb/1285_AY_run189.final.scaffolds.gt1kb.fasta
1220_D	/vol/cami/genomes/A5_Assemblies_gt1kb/1220_D_run172_run176_run188.final.scaffolds.gt1kb.fasta
1139_AL	/vol/cami/genomes/A5_Assemblies_gt1kb/1139_AL_run158_run162.final.scaffolds.gt1kb.fasta
1286_CM	/vol/cami/genomes/A5_Assemblies_gt1kb/1286_CM_run191.final.scaffolds.gt1kb.fasta
1286_CN	/vol/cami/genomes/A5_Assemblies_gt1kb/1286_CN_run191_run197.final.scaffolds.gt1kb.fasta
1139_R	/vol/cami/genomes/A5_Assemblies_gt1kb/1139_R_run158_run162.final.scaffolds.gt1kb.fasta
1365_S	/vol/cami/genomes/A5_Assemblies_gt1kb/1365_S_run201.final.scaffolds.gt1kb.fasta
1220_U	/vol/cami/genomes/A5_Assemblies_gt1kb/1220_U_run172_run176.final.scaffolds.gt1kb.fasta
1287_AF	/vol/cami/genomes/A5_Assemblies_gt1kb/1287_AF_run192_run197.final.scaffolds.gt1kb.fasta
1287_K	/vol/cami/genomes/A5_Assemblies_gt1kb/1287_K_run192.final.scaffolds.gt1kb.fasta
1287_S	/vol/cami/genomes/A5_Assemblies_gt1kb/1287_S_run192.final.scaffolds.gt1kb.fasta
1285_Y	/vol/cami/genomes/A5_Assemblies_gt1kb/1285_Y_run188.final.scaffolds.gt1kb.fasta
1285_AW	/vol/cami/genomes/A5_Assemblies_gt1kb/1285_AW_run189_run193.final.scaffolds.gt1kb.fasta
1220_AJ	/vol/cami/genomes/A5_Assemblies_gt1kb/1220_AJ_run172_run176_run188.final.scaffolds.gt1kb.fasta
1220_BK	/vol/cami/genomes/A5_Assemblies_gt1kb/1220_BK_run172_run176.final.scaffolds.gt1kb.fasta
